miles_from_downtown_st_charles,courts,name,nearest_street_or_place,access_tag,latitude,longitude,google_maps_link
0.6,8,,,,38.78895,-90.50758,"https://www.google.com/maps/search/?api=1&query=38.78895,-90.50758"
0.6,4,,"North Duchesne Drive, North Duchesne Drive, Saint Charles",,38.79604,-90.49942,"https://www.google.com/maps/search/?api=1&query=38.79604,-90.49942"
0.9,1,,"Dardenne Street, Dardenne Street, Saint Charles",yes,38.77568,-90.50096,"https://www.google.com/maps/search/?api=1&query=38.77568,-90.50096"
1.1,1,Steel Shop Tennis Club,"Lawrence Street, Lawrence Street, Saint Charles",,38.78969,-90.47721,"https://www.google.com/maps/search/?api=1&query=38.78969,-90.47721"
1.1,3,,,,38.79927,-90.48334,"https://www.google.com/maps/search/?api=1&query=38.79927,-90.48334"
1.8,4,,"McNair Park Trail, McNair Park Trail, Saint Charles",,38.79919,-90.52679,"https://www.google.com/maps/search/?api=1&query=38.79919,-90.52679"
2.8,1,,"Remington Boulevard, Remington Boulevard, Saint Charles",,38.78724,-90.54902,"https://www.google.com/maps/search/?api=1&query=38.78724,-90.54902"
3.0,2,,"Muegge Road, Muegge Road, Saint Charles",,38.77145,-90.54976,"https://www.google.com/maps/search/?api=1&query=38.77145,-90.54976"
3.3,1,,Saint Charles,,38.79739,-90.5569,"https://www.google.com/maps/search/?api=1&query=38.79739,-90.5569"
3.5,1,,"Spanish Village Drive, Spanish Village Drive, Bridgeton",,38.756,-90.44717,"https://www.google.com/maps/search/?api=1&query=38.756,-90.44717"
3.7,2,,"Ferguson Lane, Ferguson Lane, Bridgeton",,38.77779,-90.43014,"https://www.google.com/maps/search/?api=1&query=38.77779,-90.43014"
3.9,8,,"Valley Ridge Drive, Valley Ridge Drive, Saint Peters",,38.76352,-90.56338,"https://www.google.com/maps/search/?api=1&query=38.76352,-90.56338"
4.0,7,,"Jessica Adele Court, Jessica Adele Court, Champ",yes,38.74285,-90.45168,"https://www.google.com/maps/search/?api=1&query=38.74285,-90.45168"
4.7,1,,,,38.77663,-90.58428,"https://www.google.com/maps/search/?api=1&query=38.77663,-90.58428"
4.8,7,,"Klondike Crossing, Klondike Crossing, Saint Peters",,38.79016,-90.58628,"https://www.google.com/maps/search/?api=1&query=38.79016,-90.58628"
4.9,2,,"Spencer Creek Trail, Spencer Creek Trail, Saint Peters",,38.77339,-90.58621,"https://www.google.com/maps/search/?api=1&query=38.77339,-90.58621"
4.9,2,,,,38.78141,-90.58762,"https://www.google.com/maps/search/?api=1&query=38.78141,-90.58762"
5.1,1,,"Connector Path, Connector Path, Maryland Heights",,38.71656,-90.47098,"https://www.google.com/maps/search/?api=1&query=38.71656,-90.47098"
5.3,2,,"Appletree Lane, Appletree Lane, Bridgeton",,38.73625,-90.42426,"https://www.google.com/maps/search/?api=1&query=38.73625,-90.42426"
5.7,1,Royal Pines Condominiums Tennis Court,"Royal Pines Drive, Royal Pines Drive, Maryland Heights",private,38.70771,-90.47745,"https://www.google.com/maps/search/?api=1&query=38.70771,-90.47745"
5.8,2,,,,38.71269,-90.45157,"https://www.google.com/maps/search/?api=1&query=38.71269,-90.45157"
5.9,1,,"Shagbark Court, Shagbark Court, Saint Peters",private,38.77442,-90.60532,"https://www.google.com/maps/search/?api=1&query=38.77442,-90.60532"
6.0,6,,,,38.7869,-90.38521,"https://www.google.com/maps/search/?api=1&query=38.7869,-90.38521"
6.0,1,,,private,38.78819,-90.60924,"https://www.google.com/maps/search/?api=1&query=38.78819,-90.60924"
6.2,1,,,,38.79139,-90.38164,"https://www.google.com/maps/search/?api=1&query=38.79139,-90.38164"
6.3,1,,,,38.79129,-90.61436,"https://www.google.com/maps/search/?api=1&query=38.79129,-90.61436"
6.4,1,,"Glenmeade Drive, Glenmeade Drive, Maryland Heights",,38.70207,-90.45401,"https://www.google.com/maps/search/?api=1&query=38.70207,-90.45401"
6.4,1,Stone Ridge Tennis Court,"Tennis Court Footpath, Tennis Court Footpath, Saint Peters",,38.74093,-90.59897,"https://www.google.com/maps/search/?api=1&query=38.74093,-90.59897"
6.5,4,,,,38.73786,-90.39483,"https://www.google.com/maps/search/?api=1&query=38.73786,-90.39483"
6.7,2,,,private,38.69265,-90.47995,"https://www.google.com/maps/search/?api=1&query=38.69265,-90.47995"
6.7,2,,,,38.77601,-90.37367,"https://www.google.com/maps/search/?api=1&query=38.77601,-90.37367"
6.8,2,,"Napa Lane, Napa Lane, Harvester",,38.71871,-90.58712,"https://www.google.com/maps/search/?api=1&query=38.71871,-90.58712"
6.8,1,,"Teson Road, Teson Road, Hazelwood",,38.78713,-90.37174,"https://www.google.com/maps/search/?api=1&query=38.78713,-90.37174"
6.9,2,,,,38.68864,-90.50487,"https://www.google.com/maps/search/?api=1&query=38.68864,-90.50487"
6.9,2,,Hazelwood,,38.77391,-90.37137,"https://www.google.com/maps/search/?api=1&query=38.77391,-90.37137"
7.0,1,North Tennis Court,"Whispering Hills Lane, Whispering Hills Lane",,38.68921,-90.46819,"https://www.google.com/maps/search/?api=1&query=38.68921,-90.46819"
7.1,1,,"Field Pointe Lane, Field Pointe Lane",,38.68653,-90.48147,"https://www.google.com/maps/search/?api=1&query=38.68653,-90.48147"
7.3,2,,St. Ann,,38.72014,-90.39417,"https://www.google.com/maps/search/?api=1&query=38.72014,-90.39417"
7.3,1,,Florissant,,38.80612,-90.36403,"https://www.google.com/maps/search/?api=1&query=38.80612,-90.36403"
7.3,2,,"Fernau Court, Fernau Court, Florissant",,38.80894,-90.36454,"https://www.google.com/maps/search/?api=1&query=38.80894,-90.36454"
7.4,1,,"Cantina Drive, Cantina Drive, Chesterfield",,38.68117,-90.48906,"https://www.google.com/maps/search/?api=1&query=38.68117,-90.48906"
7.5,2,,"Whispering Pines Drive, Whispering Pines Drive",,38.68301,-90.46446,"https://www.google.com/maps/search/?api=1&query=38.68301,-90.46446"
7.5,2,,"Villa Dorado Drive, Villa Dorado Drive",,38.69045,-90.43483,"https://www.google.com/maps/search/?api=1&query=38.69045,-90.43483"
7.5,3,,"Maple Glen Court, Maple Glen Court",,38.69317,-90.43036,"https://www.google.com/maps/search/?api=1&query=38.69317,-90.43036"
7.7,6,,"Forestlac Drive, Forestlac Drive, Chesterfield",customers,38.67731,-90.49892,"https://www.google.com/maps/search/?api=1&query=38.67731,-90.49892"
7.7,1,,"West Park Place Drive, West Park Place Drive, Maryland Heights",,38.69273,-90.42452,"https://www.google.com/maps/search/?api=1&query=38.69273,-90.42452"
7.8,2,,Creve Coeur,,38.67651,-90.47446,"https://www.google.com/maps/search/?api=1&query=38.67651,-90.47446"
7.9,2,,"Hazelvalley Drive, Hazelvalley Drive, Hazelwood",,38.78888,-90.3504,"https://www.google.com/maps/search/?api=1&query=38.78888,-90.3504"
8.0,1,,"Saint Katherine Lane, Saint Katherine Lane, St. Ann",,38.71842,-90.37951,"https://www.google.com/maps/search/?api=1&query=38.71842,-90.37951"
8.0,1,Tennis Court,"Shirleyridge Drive, Shirleyridge Drive, Harvester",,38.73653,-90.6301,"https://www.google.com/maps/search/?api=1&query=38.73653,-90.6301"
8.0,2,,"Sparrow Court, Sparrow Court, Florissant",,38.82035,-90.35382,"https://www.google.com/maps/search/?api=1&query=38.82035,-90.35382"
8.1,1,,"Charter Oak Parkway, Charter Oak Parkway",,38.67866,-90.44335,"https://www.google.com/maps/search/?api=1&query=38.67866,-90.44335"
8.1,3,,"Meadowside Drive, Meadowside Drive, Maryland Heights",,38.68832,-90.41863,"https://www.google.com/maps/search/?api=1&query=38.68832,-90.41863"
8.4,7,,"Greymore Drive, Greymore Drive, Chesterfield",,38.66713,-90.50437,"https://www.google.com/maps/search/?api=1&query=38.66713,-90.50437"
8.4,1,,"Thorpe Avenue, Thorpe Avenue, Overland",private,38.70551,-90.38235,"https://www.google.com/maps/search/?api=1&query=38.70551,-90.38235"
8.4,1,,Hazelwood,,38.78031,-90.34252,"https://www.google.com/maps/search/?api=1&query=38.78031,-90.34252"
8.5,8,,,,38.7477,-90.64723,"https://www.google.com/maps/search/?api=1&query=38.7477,-90.64723"
8.7,3,,,permissive,38.66738,-90.45145,"https://www.google.com/maps/search/?api=1&query=38.66738,-90.45145"
8.9,7,,"Mason Road, Mason Road, Town and Country",,38.65989,-90.48192,"https://www.google.com/maps/search/?api=1&query=38.65989,-90.48192"
8.9,1,,"Saylesville Drive, Saylesville Drive, Chesterfield",,38.66026,-90.50897,"https://www.google.com/maps/search/?api=1&query=38.66026,-90.50897"
9.0,1,,,private,38.67472,-90.41657,"https://www.google.com/maps/search/?api=1&query=38.67472,-90.41657"
9.0,3,,,,38.6774,-90.40784,"https://www.google.com/maps/search/?api=1&query=38.6774,-90.40784"
9.2,1,,,,38.80128,-90.32764,"https://www.google.com/maps/search/?api=1&query=38.80128,-90.32764"
9.3,5,,,,38.6579,-90.45216,"https://www.google.com/maps/search/?api=1&query=38.6579,-90.45216"
9.3,1,,,,38.66109,-90.55664,"https://www.google.com/maps/search/?api=1&query=38.66109,-90.55664"
9.3,6,,,,38.78982,-90.66969,"https://www.google.com/maps/search/?api=1&query=38.78982,-90.66969"
9.4,1,,,,38.66156,-90.56339,"https://www.google.com/maps/search/?api=1&query=38.66156,-90.56339"
9.4,6,,,,38.66484,-90.56982,"https://www.google.com/maps/search/?api=1&query=38.66484,-90.56982"
9.4,4,,,,38.78961,-90.32274,"https://www.google.com/maps/search/?api=1&query=38.78961,-90.32274"
9.5,1,,,,38.65795,-90.44003,"https://www.google.com/maps/search/?api=1&query=38.65795,-90.44003"
9.6,1,,,,38.65005,-90.51199,"https://www.google.com/maps/search/?api=1&query=38.65005,-90.51199"
9.6,6,,,,38.8195,-90.67047,"https://www.google.com/maps/search/?api=1&query=38.8195,-90.67047"
9.7,4,,,,38.64711,-90.49815,"https://www.google.com/maps/search/?api=1&query=38.64711,-90.49815"
9.7,12,,,,38.64957,-90.46703,"https://www.google.com/maps/search/?api=1&query=38.64957,-90.46703"
9.7,1,,,,38.6561,-90.43459,"https://www.google.com/maps/search/?api=1&query=38.6561,-90.43459"
9.8,1,,,,38.67435,-90.38858,"https://www.google.com/maps/search/?api=1&query=38.67435,-90.38858"
9.8,2,,,,38.72246,-90.65768,"https://www.google.com/maps/search/?api=1&query=38.72246,-90.65768"
9.9,3,,,yes,38.66268,-90.40993,"https://www.google.com/maps/search/?api=1&query=38.66268,-90.40993"
10.0,1,Main Tennis Courts,,,38.6439,-90.47315,"https://www.google.com/maps/search/?api=1&query=38.6439,-90.47315"
10.0,1,,,private,38.65338,-90.43098,"https://www.google.com/maps/search/?api=1&query=38.65338,-90.43098"
10.0,1,,,,38.66089,-90.58651,"https://www.google.com/maps/search/?api=1&query=38.66089,-90.58651"
10.2,3,,,,38.64098,-90.47745,"https://www.google.com/maps/search/?api=1&query=38.64098,-90.47745"
10.2,1,,,,38.64546,-90.44971,"https://www.google.com/maps/search/?api=1&query=38.64546,-90.44971"
10.2,6,,,,38.65304,-90.4203,"https://www.google.com/maps/search/?api=1&query=38.65304,-90.4203"
10.2,1,,,,38.71003,-90.33676,"https://www.google.com/maps/search/?api=1&query=38.71003,-90.33676"
10.2,5,,,,38.75473,-90.3138,"https://www.google.com/maps/search/?api=1&query=38.75473,-90.3138"
10.2,6,,,,38.83216,-90.31701,"https://www.google.com/maps/search/?api=1&query=38.83216,-90.31701"
10.3,5,,,,38.68325,-90.36064,"https://www.google.com/maps/search/?api=1&query=38.68325,-90.36064"
10.4,12,,,,38.63794,-90.50636,"https://www.google.com/maps/search/?api=1&query=38.63794,-90.50636"
10.4,8,,,,38.63974,-90.46793,"https://www.google.com/maps/search/?api=1&query=38.63974,-90.46793"
10.4,15,,,,38.65933,-90.39879,"https://www.google.com/maps/search/?api=1&query=38.65933,-90.39879"
10.4,6,,,,38.79134,-90.30405,"https://www.google.com/maps/search/?api=1&query=38.79134,-90.30405"
10.4,3,,,,38.81199,-90.68721,"https://www.google.com/maps/search/?api=1&query=38.81199,-90.68721"
10.5,2,,,private,38.7339,-90.67955,"https://www.google.com/maps/search/?api=1&query=38.7339,-90.67955"
10.5,1,,,,38.84858,-90.31922,"https://www.google.com/maps/search/?api=1&query=38.84858,-90.31922"
10.6,1,,,private,38.63615,-90.52435,"https://www.google.com/maps/search/?api=1&query=38.63615,-90.52435"
10.6,1,,,private,38.7001,-90.3357,"https://www.google.com/maps/search/?api=1&query=38.7001,-90.3357"
10.7,8,,,,38.64937,-90.40963,"https://www.google.com/maps/search/?api=1&query=38.64937,-90.40963"
10.7,2,,,,38.69469,-90.33983,"https://www.google.com/maps/search/?api=1&query=38.69469,-90.33983"
10.7,1,,,,38.70793,-90.32753,"https://www.google.com/maps/search/?api=1&query=38.70793,-90.32753"
10.8,8,,,,38.64536,-90.41642,"https://www.google.com/maps/search/?api=1&query=38.64536,-90.41642"
10.9,1,,,,38.63062,-90.48591,"https://www.google.com/maps/search/?api=1&query=38.63062,-90.48591"
10.9,6,,,,38.63247,-90.47033,"https://www.google.com/maps/search/?api=1&query=38.63247,-90.47033"
10.9,2,,,,38.63586,-90.55254,"https://www.google.com/maps/search/?api=1&query=38.63586,-90.55254"
10.9,6,,,,38.63663,-90.43944,"https://www.google.com/maps/search/?api=1&query=38.63663,-90.43944"
10.9,2,,,,38.77651,-90.29546,"https://www.google.com/maps/search/?api=1&query=38.77651,-90.29546"
11.0,1,,,,38.63295,-90.54329,"https://www.google.com/maps/search/?api=1&query=38.63295,-90.54329"
11.0,1,,,,38.6331,-90.45457,"https://www.google.com/maps/search/?api=1&query=38.6331,-90.45457"
11.0,1,Frontenac Racquet Club,,,38.64446,-90.40962,"https://www.google.com/maps/search/?api=1&query=38.64446,-90.40962"
11.0,2,,,,38.68101,-90.34626,"https://www.google.com/maps/search/?api=1&query=38.68101,-90.34626"
11.0,3,,,,38.73267,-90.30682,"https://www.google.com/maps/search/?api=1&query=38.73267,-90.30682"
11.1,6,,,,38.6281,-90.47479,"https://www.google.com/maps/search/?api=1&query=38.6281,-90.47479"
11.2,1,,,,38.62665,-90.52212,"https://www.google.com/maps/search/?api=1&query=38.62665,-90.52212"
11.2,1,,,private,38.65318,-90.3832,"https://www.google.com/maps/search/?api=1&query=38.65318,-90.3832"
11.3,1,,,private,38.63862,-90.41245,"https://www.google.com/maps/search/?api=1&query=38.63862,-90.41245"
11.3,6,,,,38.71749,-90.30921,"https://www.google.com/maps/search/?api=1&query=38.71749,-90.30921"
11.3,1,,,,38.7799,-90.28694,"https://www.google.com/maps/search/?api=1&query=38.7799,-90.28694"
11.4,6,,,private,38.65134,-90.37858,"https://www.google.com/maps/search/?api=1&query=38.65134,-90.37858"
11.4,7,,,,38.76549,-90.28792,"https://www.google.com/maps/search/?api=1&query=38.76549,-90.28792"
11.6,4,,,,38.62403,-90.54348,"https://www.google.com/maps/search/?api=1&query=38.62403,-90.54348"
11.6,8,,,,38.6433,-90.38742,"https://www.google.com/maps/search/?api=1&query=38.6433,-90.38742"
11.7,7,,,,38.62097,-90.53314,"https://www.google.com/maps/search/?api=1&query=38.62097,-90.53314"
11.7,8,,,,38.73874,-90.28891,"https://www.google.com/maps/search/?api=1&query=38.73874,-90.28891"
11.8,1,,,,38.62035,-90.45751,"https://www.google.com/maps/search/?api=1&query=38.62035,-90.45751"
11.8,2,,,,38.62082,-90.5403,"https://www.google.com/maps/search/?api=1&query=38.62082,-90.5403"
11.8,4,,,permissive,38.66618,-90.34369,"https://www.google.com/maps/search/?api=1&query=38.66618,-90.34369"
11.8,4,,,,38.69858,-90.31105,"https://www.google.com/maps/search/?api=1&query=38.69858,-90.31105"
11.9,2,,,,38.61679,-90.47424,"https://www.google.com/maps/search/?api=1&query=38.61679,-90.47424"
11.9,1,,,,38.61893,-90.45532,"https://www.google.com/maps/search/?api=1&query=38.61893,-90.45532"
11.9,1,,,,38.61907,-90.45684,"https://www.google.com/maps/search/?api=1&query=38.61907,-90.45684"
11.9,2,,,,38.72041,-90.29367,"https://www.google.com/maps/search/?api=1&query=38.72041,-90.29367"
12.0,1,,,,38.61738,-90.54179,"https://www.google.com/maps/search/?api=1&query=38.61738,-90.54179"
12.0,10,,,,38.64567,-90.36973,"https://www.google.com/maps/search/?api=1&query=38.64567,-90.36973"
12.0,4,,,,38.69726,-90.30805,"https://www.google.com/maps/search/?api=1&query=38.69726,-90.30805"
12.1,1,,,,38.64645,-90.62987,"https://www.google.com/maps/search/?api=1&query=38.64645,-90.62987"
12.1,1,,,,38.72044,-90.70518,"https://www.google.com/maps/search/?api=1&query=38.72044,-90.70518"
12.2,2,,,,38.70044,-90.3016,"https://www.google.com/maps/search/?api=1&query=38.70044,-90.3016"
12.2,7,,,,38.72256,-90.28658,"https://www.google.com/maps/search/?api=1&query=38.72256,-90.28658"
12.2,4,,,,38.8051,-90.72215,"https://www.google.com/maps/search/?api=1&query=38.8051,-90.72215"
12.2,1,,,,38.85142,-90.28605,"https://www.google.com/maps/search/?api=1&query=38.85142,-90.28605"
12.3,3,,,,38.60995,-90.49014,"https://www.google.com/maps/search/?api=1&query=38.60995,-90.49014"
12.3,8,,,,38.62423,-90.40926,"https://www.google.com/maps/search/?api=1&query=38.62423,-90.40926"
12.3,8,,,,38.62451,-90.58762,"https://www.google.com/maps/search/?api=1&query=38.62451,-90.58762"
12.4,1,,,,38.62675,-90.39562,"https://www.google.com/maps/search/?api=1&query=38.62675,-90.39562"
12.4,2,,,,38.71498,-90.28767,"https://www.google.com/maps/search/?api=1&query=38.71498,-90.28767"
12.6,2,,,,38.60887,-90.53947,"https://www.google.com/maps/search/?api=1&query=38.60887,-90.53947"
12.6,4,,,,38.61448,-90.56649,"https://www.google.com/maps/search/?api=1&query=38.61448,-90.56649"
12.6,1,,,private,38.61867,-90.41315,"https://www.google.com/maps/search/?api=1&query=38.61867,-90.41315"
12.6,1,,,private,38.62444,-90.39426,"https://www.google.com/maps/search/?api=1&query=38.62444,-90.39426"
12.6,1,,,private,38.62632,-90.38843,"https://www.google.com/maps/search/?api=1&query=38.62632,-90.38843"
12.6,3,,,,38.71761,-90.28242,"https://www.google.com/maps/search/?api=1&query=38.71761,-90.28242"
12.7,2,,,private,38.62452,-90.38856,"https://www.google.com/maps/search/?api=1&query=38.62452,-90.38856"
12.7,1,,,private,38.62614,-90.38588,"https://www.google.com/maps/search/?api=1&query=38.62614,-90.38588"
12.8,1,,,private,38.62393,-90.38651,"https://www.google.com/maps/search/?api=1&query=38.62393,-90.38651"
12.8,1,,,private,38.62478,-90.38425,"https://www.google.com/maps/search/?api=1&query=38.62478,-90.38425"
12.8,11,Shaw Park Tennis Center,,,38.64674,-90.34258,"https://www.google.com/maps/search/?api=1&query=38.64674,-90.34258"
12.9,6,,,,38.61742,-90.59443,"https://www.google.com/maps/search/?api=1&query=38.61742,-90.59443"
12.9,1,,,private,38.61953,-90.39568,"https://www.google.com/maps/search/?api=1&query=38.61953,-90.39568"
12.9,1,,,private,38.62025,-90.39206,"https://www.google.com/maps/search/?api=1&query=38.62025,-90.39206"
12.9,8,,,,38.66585,-90.31744,"https://www.google.com/maps/search/?api=1&query=38.66585,-90.31744"
13.0,1,,,,38.60056,-90.5177,"https://www.google.com/maps/search/?api=1&query=38.60056,-90.5177"
13.0,6,,,permissive,38.60441,-90.44184,"https://www.google.com/maps/search/?api=1&query=38.60441,-90.44184"
13.0,1,,,private,38.61814,-90.3926,"https://www.google.com/maps/search/?api=1&query=38.61814,-90.3926"
13.0,8,,,,38.70373,-90.71374,"https://www.google.com/maps/search/?api=1&query=38.70373,-90.71374"
13.1,1,,,private,38.61683,-90.39338,"https://www.google.com/maps/search/?api=1&query=38.61683,-90.39338"
13.2,5,,,,38.65326,-90.32279,"https://www.google.com/maps/search/?api=1&query=38.65326,-90.32279"
13.3,1,,,private,38.61497,-90.39112,"https://www.google.com/maps/search/?api=1&query=38.61497,-90.39112"
13.3,7,,,,38.61579,-90.38624,"https://www.google.com/maps/search/?api=1&query=38.61579,-90.38624"
13.3,1,,,private,38.6471,-90.33039,"https://www.google.com/maps/search/?api=1&query=38.6471,-90.33039"
13.4,1,,,,38.61899,-90.61782,"https://www.google.com/maps/search/?api=1&query=38.61899,-90.61782"
13.4,2,,,private,38.64662,-90.32631,"https://www.google.com/maps/search/?api=1&query=38.64662,-90.32631"
13.5,1,,,,38.73811,-90.7393,"https://www.google.com/maps/search/?api=1&query=38.73811,-90.7393"
13.6,4,,,,38.62059,-90.36342,"https://www.google.com/maps/search/?api=1&query=38.62059,-90.36342"
13.6,1,,,private,38.64514,-90.32473,"https://www.google.com/maps/search/?api=1&query=38.64514,-90.32473"
13.6,2,,,private,38.72694,-90.25653,"https://www.google.com/maps/search/?api=1&query=38.72694,-90.25653"
13.6,2,,,,38.80194,-90.74892,"https://www.google.com/maps/search/?api=1&query=38.80194,-90.74892"
13.7,2,,,,38.62479,-90.35213,"https://www.google.com/maps/search/?api=1&query=38.62479,-90.35213"
13.7,1,,,,38.64524,-90.32186,"https://www.google.com/maps/search/?api=1&query=38.64524,-90.32186"
13.8,4,,,,38.61124,-90.37762,"https://www.google.com/maps/search/?api=1&query=38.61124,-90.37762"
13.8,1,,,private,38.61365,-90.37221,"https://www.google.com/maps/search/?api=1&query=38.61365,-90.37221"
13.8,6,Tao Tennis Center,,,38.64924,-90.31344,"https://www.google.com/maps/search/?api=1&query=38.64924,-90.31344"
14.0,2,,,private,38.6394,-90.32062,"https://www.google.com/maps/search/?api=1&query=38.6394,-90.32062"
14.2,1,,,,38.62094,-90.34261,"https://www.google.com/maps/search/?api=1&query=38.62094,-90.34261"
14.2,3,,,,38.62905,-90.32917,"https://www.google.com/maps/search/?api=1&query=38.62905,-90.32917"
14.3,2,,,,38.69921,-90.25738,"https://www.google.com/maps/search/?api=1&query=38.69921,-90.25738"
14.4,2,,,,38.60176,-90.6184,"https://www.google.com/maps/search/?api=1&query=38.60176,-90.6184"
14.4,6,Ted Drewes Tennis Courts,,,38.63717,-90.31413,"https://www.google.com/maps/search/?api=1&query=38.63717,-90.31413"
14.4,3,,,private,38.64864,-90.29845,"https://www.google.com/maps/search/?api=1&query=38.64864,-90.29845"
14.4,1,,,,38.78124,-90.76386,"https://www.google.com/maps/search/?api=1&query=38.78124,-90.76386"
14.6,2,,,,38.78033,-90.76789,"https://www.google.com/maps/search/?api=1&query=38.78033,-90.76789"
14.7,1,,,,38.60534,-90.35762,"https://www.google.com/maps/search/?api=1&query=38.60534,-90.35762"
14.7,1,,,,38.64819,-90.29286,"https://www.google.com/maps/search/?api=1&query=38.64819,-90.29286"
14.9,1,,,,38.64751,-90.28803,"https://www.google.com/maps/search/?api=1&query=38.64751,-90.28803"
15.0,2,,,,38.60688,-90.34396,"https://www.google.com/maps/search/?api=1&query=38.60688,-90.34396"
15.1,1,,,,38.64692,-90.2825,"https://www.google.com/maps/search/?api=1&query=38.64692,-90.2825"
15.2,18,,,yes,38.64259,-90.28481,"https://www.google.com/maps/search/?api=1&query=38.64259,-90.28481"
15.3,2,,,,38.61303,-90.32431,"https://www.google.com/maps/search/?api=1&query=38.61303,-90.32431"
15.3,2,,,,38.66496,-90.26243,"https://www.google.com/maps/search/?api=1&query=38.66496,-90.26243"
15.5,2,,,,38.62781,-90.69758,"https://www.google.com/maps/search/?api=1&query=38.62781,-90.69758"
15.5,1,,,,38.64865,-90.27292,"https://www.google.com/maps/search/?api=1&query=38.64865,-90.27292"
15.6,2,,,,38.62205,-90.30253,"https://www.google.com/maps/search/?api=1&query=38.62205,-90.30253"
15.8,1,,,,38.64532,-90.2688,"https://www.google.com/maps/search/?api=1&query=38.64532,-90.2688"
15.8,1,,,,38.64657,-90.26683,"https://www.google.com/maps/search/?api=1&query=38.64657,-90.26683"
15.8,1,,,,38.64741,-90.2653,"https://www.google.com/maps/search/?api=1&query=38.64741,-90.2653"
15.8,8,,,,38.75425,-90.78817,"https://www.google.com/maps/search/?api=1&query=38.75425,-90.78817"
15.9,1,,,,38.6452,-90.26704,"https://www.google.com/maps/search/?api=1&query=38.6452,-90.26704"
15.9,1,,,,38.64595,-90.26475,"https://www.google.com/maps/search/?api=1&query=38.64595,-90.26475"
16.0,1,,,yes,38.60815,-90.31035,"https://www.google.com/maps/search/?api=1&query=38.60815,-90.31035"
16.0,4,,,,38.79674,-90.79511,"https://www.google.com/maps/search/?api=1&query=38.79674,-90.79511"
16.1,14,The Highlands Tennis Center,,customers,38.63577,-90.27141,"https://www.google.com/maps/search/?api=1&query=38.63577,-90.27141"
16.4,2,Richard Hudlin Tennis Courts,,yes,38.63422,-90.26511,"https://www.google.com/maps/search/?api=1&query=38.63422,-90.26511"
16.7,2,,,,38.77557,-90.80667,"https://www.google.com/maps/search/?api=1&query=38.77557,-90.80667"
17.1,5,,,,38.60664,-90.28209,"https://www.google.com/maps/search/?api=1&query=38.60664,-90.28209"
17.2,3,,,,38.60016,-90.28899,"https://www.google.com/maps/search/?api=1&query=38.60016,-90.28899"
17.9,12,Henry Shaw Tennis Center,,yes,38.60743,-90.25974,"https://www.google.com/maps/search/?api=1&query=38.60743,-90.25974"
18.0,3,,,yes,38.60597,-90.25941,"https://www.google.com/maps/search/?api=1&query=38.60597,-90.25941"
18.8,8,,,,38.77553,-90.84647,"https://www.google.com/maps/search/?api=1&query=38.77553,-90.84647"
